<annotation>
   <folder>down</folder>
   <filename>train_30190.jpg</filename>
   <path>./savePicture/train_30190.jpg</path>
   <source>
      <database>Unknown</database>
   </source>
   <size>
      <width>640</width>
      <height>480</height>
      <depth>3</depth>
   </size>
   <segmented>0</segmented>
   <object>
      <name>multi_signs</name>
      <editType />
      <pose>Unspecified</pose>
      <truncated>0</truncated>
      <difficult>0</difficult>
      <bndbox>
         <xmin>181</xmin>
         <ymin>27</ymin>
         <xmax>639</xmax>
         <ymax>228</ymax>
      </bndbox>
   </object>
   <object>
      <name>multi_signs</name>
      <editType />
      <pose>Unspecified</pose>
      <truncated>0</truncated>
      <difficult>0</difficult>
      <bndbox>
         <xmin>183</xmin>
         <ymin>287</ymin>
         <xmax>237</xmax>
         <ymax>433</ymax>
      </bndbox>
   </object>
   <object>
      <name>multi_signs</name>
      <editType />
      <pose>Unspecified</pose>
      <truncated>0</truncated>
      <difficult>0</difficult>
      <bndbox>
         <xmin>21</xmin>
         <ymin>309</ymin>
         <xmax>84</xmax>
         <ymax>404</ymax>
      </bndbox>
   </object>
</annotation>